1;Paq Light Internacional;S0360;Europa 1;S0360_Europa 1;00250;1;12.07;12.07
2;Paq Light Internacional;S0360;Europa 1;S0360_Europa 1;00500;1;13.43;13.43
3;Paq Light Internacional;S0360;Europa 1;S0360_Europa 1;00750;1;13.43;13.43
4;Paq Light Internacional;S0360;Europa 1;S0360_Europa 1;01000;1;14.92;14.92
5;Paq Light Internacional;S0360;Europa 1;S0360_Europa 1;01500;1;17.73;17.73
6;Paq Light Internacional;S0360;Europa 1;S0360_Europa 1;02000;2;20.62;20.62
7;Paq Light Internacional;S0360;Europa 2;S0360_Europa 2;00250;1;15.37;15.37
8;Paq Light Internacional;S0360;Europa 2;S0360_Europa 2;00500;1;19.26;19.26
9;Paq Light Internacional;S0360;Europa 2;S0360_Europa 2;00750;1;19.26;19.26
10;Paq Light Internacional;S0360;Europa 2;S0360_Europa 2;01000;1;21.86;21.86
11;Paq Light Internacional;S0360;Europa 2;S0360_Europa 2;01500;1;26.32;26.32
12;Paq Light Internacional;S0360;Europa 2;S0360_Europa 2;02000;2;30.74;30.74
13;Paq Light Internacional;S0360;América;S0360_América;00250;1;17.85;17.85
14;Paq Light Internacional;S0360;América;S0360_América;00500;1;22.3;22.3
15;Paq Light Internacional;S0360;América;S0360_América;00750;1;22.3;22.3
16;Paq Light Internacional;S0360;América;S0360_América;01000;1;28.95;28.95
17;Paq Light Internacional;S0360;América;S0360_América;01500;1;31.35;31.35
18;Paq Light Internacional;S0360;América;S0360_América;02000;2;34.5;34.5
19;Paq Light Internacional;S0360;Asia Oceanía;S0360_Asia Oceanía;00250;1;19.15;19.15
20;Paq Light Internacional;S0360;Asia Oceanía;S0360_Asia Oceanía;00500;1;23.9;23.9
21;Paq Light Internacional;S0360;Asia Oceanía;S0360_Asia Oceanía;00750;1;23.9;23.9
22;Paq Light Internacional;S0360;Asia Oceanía;S0360_Asia Oceanía;01000;1;29.25;29.25
23;Paq Light Internacional;S0360;Asia Oceanía;S0360_Asia Oceanía;01500;1;33.45;33.45
24;Paq Light Internacional;S0360;Asia Oceanía;S0360_Asia Oceanía;02000;2;36.6;36.6
25;Paq Light Internacional;S0360;África;S0360_África;00250;1;16.1;16.1
26;Paq Light Internacional;S0360;África;S0360_África;00500;1;16.95;16.95
27;Paq Light Internacional;S0360;África;S0360_África;00750;1;16.95;16.95
28;Paq Light Internacional;S0360;África;S0360_África;01000;1;22.3;22.3
29;Paq Light Internacional;S0360;África;S0360_África;01500;1;26.15;26.15
30;Paq Light Internacional;S0360;África;S0360_África;02000;2;29.25;29.25
31;Paq Premium Internacional;S0411;Europa 1;S0411_Europa 1;00250;1;32.19;32.19
32;Paq Premium Internacional;S0411;Europa 1;S0411_Europa 1;00500;1;36.49;36.49
33;Paq Premium Internacional;S0411;Europa 1;S0411_Europa 1;01000;1;42.89;42.89
34;Paq Premium Internacional;S0411;Europa 1;S0411_Europa 1;01500;1;47.15;47.15
35;Paq Premium Internacional;S0411;Europa 1;S0411_Europa 1;02000;2;47.15;47.15
36;Paq Premium Internacional;S0411;Europa 1;S0411_Europa 1;03000;3;51.41;51.41
37;Paq Premium Internacional;S0411;Europa 1;S0411_Europa 1;04000;4;55.67;55.67
38;Paq Premium Internacional;S0411;Europa 1;S0411_Europa 1;05000;5;59.93;59.93
39;Paq Premium Internacional;S0411;Europa 1;S0411_Europa 1;06000;6;64.19;64.19
40;Paq Premium Internacional;S0411;Europa 1;S0411_Europa 1;07000;7;68.45;68.45
41;Paq Premium Internacional;S0411;Europa 1;S0411_Europa 1;08000;8;72.71;72.71
42;Paq Premium Internacional;S0411;Europa 1;S0411_Europa 1;09000;9;76.97;76.97
43;Paq Premium Internacional;S0411;Europa 1;S0411_Europa 1;10000;10;81.23;81.23
44;Paq Premium Internacional;S0411;Europa 1;S0411_Europa 1;11000;11;85.49;85.49
45;Paq Premium Internacional;S0411;Europa 1;S0411_Europa 1;12000;12;89.75;89.75
46;Paq Premium Internacional;S0411;Europa 1;S0411_Europa 1;13000;13;94.01;94.01
47;Paq Premium Internacional;S0411;Europa 1;S0411_Europa 1;14000;14;98.27;98.27
48;Paq Premium Internacional;S0411;Europa 1;S0411_Europa 1;15000;15;102.53;102.53
49;Paq Premium Internacional;S0411;Europa 1;S0411_Europa 1;16000;16;106.79;106.79
50;Paq Premium Internacional;S0411;Europa 1;S0411_Europa 1;17000;17;111.05;111.05
51;Paq Premium Internacional;S0411;Europa 1;S0411_Europa 1;18000;18;115.31;115.31
52;Paq Premium Internacional;S0411;Europa 1;S0411_Europa 1;19000;19;119.57;119.57
53;Paq Premium Internacional;S0411;Europa 1;S0411_Europa 1;20000;20;123.83;123.83
54;Paq Premium Internacional;S0411;Europa 1;S0411_Europa 1;21000;21;128.09;128.09
55;Paq Premium Internacional;S0411;Europa 1;S0411_Europa 1;22000;22;132.35;132.35
56;Paq Premium Internacional;S0411;Europa 1;S0411_Europa 1;23000;23;136.61;136.61
57;Paq Premium Internacional;S0411;Europa 1;S0411_Europa 1;24000;24;140.87;140.87
58;Paq Premium Internacional;S0411;Europa 1;S0411_Europa 1;25000;25;145.13;145.13
59;Paq Premium Internacional;S0411;Europa 1;S0411_Europa 1;26000;26;149.39;149.39
60;Paq Premium Internacional;S0411;Europa 1;S0411_Europa 1;27000;27;153.65;153.65
61;Paq Premium Internacional;S0411;Europa 1;S0411_Europa 1;28000;28;157.91;157.91
62;Paq Premium Internacional;S0411;Europa 1;S0411_Europa 1;29000;29;162.17;162.17
63;Paq Premium Internacional;S0411;Europa 1;S0411_Europa 1;30000;30;166.43;166.43
64;Paq Premium Internacional;S0411;Europa 1;S0411_Europa 1;Por kg adicional;0;4.26;4.26
65;Paq Premium Internacional;S0411;Europa 2;S0411_Europa 2;00250;1;35;35
66;Paq Premium Internacional;S0411;Europa 2;S0411_Europa 2;00500;1;39.67;39.67
67;Paq Premium Internacional;S0411;Europa 2;S0411_Europa 2;01000;1;46.65;46.65
68;Paq Premium Internacional;S0411;Europa 2;S0411_Europa 2;01500;1;52.39;52.39
69;Paq Premium Internacional;S0411;Europa 2;S0411_Europa 2;02000;2;52.39;52.39
70;Paq Premium Internacional;S0411;Europa 2;S0411_Europa 2;03000;3;58.13;58.13
71;Paq Premium Internacional;S0411;Europa 2;S0411_Europa 2;04000;4;63.87;63.87
72;Paq Premium Internacional;S0411;Europa 2;S0411_Europa 2;05000;5;69.61;69.61
73;Paq Premium Internacional;S0411;Europa 2;S0411_Europa 2;06000;6;75.35;75.35
74;Paq Premium Internacional;S0411;Europa 2;S0411_Europa 2;07000;7;81.09;81.09
75;Paq Premium Internacional;S0411;Europa 2;S0411_Europa 2;08000;8;86.83;86.83
76;Paq Premium Internacional;S0411;Europa 2;S0411_Europa 2;09000;9;92.57;92.57
77;Paq Premium Internacional;S0411;Europa 2;S0411_Europa 2;10000;10;98.31;98.31
78;Paq Premium Internacional;S0411;Europa 2;S0411_Europa 2;11000;11;104.05;104.05
79;Paq Premium Internacional;S0411;Europa 2;S0411_Europa 2;12000;12;109.79;109.79
80;Paq Premium Internacional;S0411;Europa 2;S0411_Europa 2;13000;13;115.53;115.53
81;Paq Premium Internacional;S0411;Europa 2;S0411_Europa 2;14000;14;121.27;121.27
82;Paq Premium Internacional;S0411;Europa 2;S0411_Europa 2;15000;15;127.01;127.01
83;Paq Premium Internacional;S0411;Europa 2;S0411_Europa 2;16000;16;132.75;132.75
84;Paq Premium Internacional;S0411;Europa 2;S0411_Europa 2;17000;17;138.49;138.49
85;Paq Premium Internacional;S0411;Europa 2;S0411_Europa 2;18000;18;144.23;144.23
86;Paq Premium Internacional;S0411;Europa 2;S0411_Europa 2;19000;19;149.97;149.97
87;Paq Premium Internacional;S0411;Europa 2;S0411_Europa 2;20000;20;155.71;155.71
88;Paq Premium Internacional;S0411;Europa 2;S0411_Europa 2;21000;21;161.45;161.45
89;Paq Premium Internacional;S0411;Europa 2;S0411_Europa 2;22000;22;167.19;167.19
90;Paq Premium Internacional;S0411;Europa 2;S0411_Europa 2;23000;23;172.93;172.93
91;Paq Premium Internacional;S0411;Europa 2;S0411_Europa 2;24000;24;178.67;178.67
92;Paq Premium Internacional;S0411;Europa 2;S0411_Europa 2;25000;25;184.41;184.41
93;Paq Premium Internacional;S0411;Europa 2;S0411_Europa 2;26000;26;190.15;190.15
94;Paq Premium Internacional;S0411;Europa 2;S0411_Europa 2;27000;27;195.89;195.89
95;Paq Premium Internacional;S0411;Europa 2;S0411_Europa 2;28000;28;201.63;201.63
96;Paq Premium Internacional;S0411;Europa 2;S0411_Europa 2;29000;29;207.37;207.37
97;Paq Premium Internacional;S0411;Europa 2;S0411_Europa 2;30000;30;213.11;213.11
98;Paq Premium Internacional;S0411;Europa 2;S0411_Europa 2;Por kg adicional;0;5.74;5.74
99;Paq Premium Internacional;S0411;América;S0411_América;00250;1;44.65;44.65
100;Paq Premium Internacional;S0411;América;S0411_América;00500;1;51;51
101;Paq Premium Internacional;S0411;América;S0411_América;01000;1;63.8;63.8
102;Paq Premium Internacional;S0411;América;S0411_América;01500;1;74.8;74.8
103;Paq Premium Internacional;S0411;América;S0411_América;02000;2;74.8;74.8
104;Paq Premium Internacional;S0411;América;S0411_América;03000;3;85.8;85.8
105;Paq Premium Internacional;S0411;América;S0411_América;04000;4;96.8;96.8
106;Paq Premium Internacional;S0411;América;S0411_América;05000;5;107.8;107.8
107;Paq Premium Internacional;S0411;América;S0411_América;06000;6;118.8;118.8
108;Paq Premium Internacional;S0411;América;S0411_América;07000;7;129.8;129.8
109;Paq Premium Internacional;S0411;América;S0411_América;08000;8;140.8;140.8
110;Paq Premium Internacional;S0411;América;S0411_América;09000;9;151.8;151.8
111;Paq Premium Internacional;S0411;América;S0411_América;10000;10;162.8;162.8
112;Paq Premium Internacional;S0411;América;S0411_América;11000;11;173.8;173.8
113;Paq Premium Internacional;S0411;América;S0411_América;12000;12;184.8;184.8
114;Paq Premium Internacional;S0411;América;S0411_América;13000;13;195.8;195.8
115;Paq Premium Internacional;S0411;América;S0411_América;14000;14;206.8;206.8
116;Paq Premium Internacional;S0411;América;S0411_América;15000;15;217.8;217.8
117;Paq Premium Internacional;S0411;América;S0411_América;16000;16;228.8;228.8
118;Paq Premium Internacional;S0411;América;S0411_América;17000;17;239.8;239.8
119;Paq Premium Internacional;S0411;América;S0411_América;18000;18;250.8;250.8
120;Paq Premium Internacional;S0411;América;S0411_América;19000;19;261.8;261.8
121;Paq Premium Internacional;S0411;América;S0411_América;20000;20;272.8;272.8
122;Paq Premium Internacional;S0411;América;S0411_América;21000;21;283.8;283.8
123;Paq Premium Internacional;S0411;América;S0411_América;22000;22;294.8;294.8
124;Paq Premium Internacional;S0411;América;S0411_América;23000;23;305.8;305.8
125;Paq Premium Internacional;S0411;América;S0411_América;24000;24;316.8;316.8
126;Paq Premium Internacional;S0411;América;S0411_América;25000;25;327.8;327.8
127;Paq Premium Internacional;S0411;América;S0411_América;26000;26;338.8;338.8
128;Paq Premium Internacional;S0411;América;S0411_América;27000;27;349.8;349.8
129;Paq Premium Internacional;S0411;América;S0411_América;28000;28;360.8;360.8
130;Paq Premium Internacional;S0411;América;S0411_América;29000;29;371.8;371.8
131;Paq Premium Internacional;S0411;América;S0411_América;30000;30;382.8;382.8
132;Paq Premium Internacional;S0411;América;S0411_América;Por kg adicional;0;11;11
133;Paq Premium Internacional;S0411;Asia Oceanía;S0411_Asia Oceanía;00250;1;50.45;50.45
134;Paq Premium Internacional;S0411;Asia Oceanía;S0411_Asia Oceanía;00500;1;57.65;57.65
135;Paq Premium Internacional;S0411;Asia Oceanía;S0411_Asia Oceanía;01000;1;72.1;72.1
136;Paq Premium Internacional;S0411;Asia Oceanía;S0411_Asia Oceanía;01500;1;83.95;83.95
137;Paq Premium Internacional;S0411;Asia Oceanía;S0411_Asia Oceanía;02000;2;83.95;83.95
138;Paq Premium Internacional;S0411;Asia Oceanía;S0411_Asia Oceanía;03000;3;95.8;95.8
139;Paq Premium Internacional;S0411;Asia Oceanía;S0411_Asia Oceanía;04000;4;107.65;107.65
140;Paq Premium Internacional;S0411;Asia Oceanía;S0411_Asia Oceanía;05000;5;119.5;119.5
141;Paq Premium Internacional;S0411;Asia Oceanía;S0411_Asia Oceanía;06000;6;131.35;131.35
142;Paq Premium Internacional;S0411;Asia Oceanía;S0411_Asia Oceanía;07000;7;143.2;143.2
143;Paq Premium Internacional;S0411;Asia Oceanía;S0411_Asia Oceanía;08000;8;155.05;155.05
144;Paq Premium Internacional;S0411;Asia Oceanía;S0411_Asia Oceanía;09000;9;166.9;166.9
145;Paq Premium Internacional;S0411;Asia Oceanía;S0411_Asia Oceanía;10000;10;178.75;178.75
146;Paq Premium Internacional;S0411;Asia Oceanía;S0411_Asia Oceanía;11000;11;190.6;190.6
147;Paq Premium Internacional;S0411;Asia Oceanía;S0411_Asia Oceanía;12000;12;202.45;202.45
148;Paq Premium Internacional;S0411;Asia Oceanía;S0411_Asia Oceanía;13000;13;214.3;214.3
149;Paq Premium Internacional;S0411;Asia Oceanía;S0411_Asia Oceanía;14000;14;226.15;226.15
150;Paq Premium Internacional;S0411;Asia Oceanía;S0411_Asia Oceanía;15000;15;238;238
151;Paq Premium Internacional;S0411;Asia Oceanía;S0411_Asia Oceanía;16000;16;249.85;249.85
152;Paq Premium Internacional;S0411;Asia Oceanía;S0411_Asia Oceanía;17000;17;261.7;261.7
153;Paq Premium Internacional;S0411;Asia Oceanía;S0411_Asia Oceanía;18000;18;273.55;273.55
154;Paq Premium Internacional;S0411;Asia Oceanía;S0411_Asia Oceanía;19000;19;285.4;285.4
155;Paq Premium Internacional;S0411;Asia Oceanía;S0411_Asia Oceanía;20000;20;297.25;297.25
156;Paq Premium Internacional;S0411;Asia Oceanía;S0411_Asia Oceanía;21000;21;309.1;309.1
157;Paq Premium Internacional;S0411;Asia Oceanía;S0411_Asia Oceanía;22000;22;320.95;320.95
158;Paq Premium Internacional;S0411;Asia Oceanía;S0411_Asia Oceanía;23000;23;332.8;332.8
159;Paq Premium Internacional;S0411;Asia Oceanía;S0411_Asia Oceanía;24000;24;344.65;344.65
160;Paq Premium Internacional;S0411;Asia Oceanía;S0411_Asia Oceanía;25000;25;356.5;356.5
161;Paq Premium Internacional;S0411;Asia Oceanía;S0411_Asia Oceanía;26000;26;368.35;368.35
162;Paq Premium Internacional;S0411;Asia Oceanía;S0411_Asia Oceanía;27000;27;380.2;380.2
163;Paq Premium Internacional;S0411;Asia Oceanía;S0411_Asia Oceanía;28000;28;392.05;392.05
164;Paq Premium Internacional;S0411;Asia Oceanía;S0411_Asia Oceanía;29000;29;403.9;403.9
165;Paq Premium Internacional;S0411;Asia Oceanía;S0411_Asia Oceanía;30000;30;415.75;415.75
166;Paq Premium Internacional;S0411;Asia Oceanía;S0411_Asia Oceanía;Por kg adicional;0;11.85;11.85
167;Paq Premium Internacional;S0411;África;S0411_África;00250;1;51.9;51.9
168;Paq Premium Internacional;S0411;África;S0411_África;00500;1;59.35;59.35
169;Paq Premium Internacional;S0411;África;S0411_África;01000;1;74.2;74.2
170;Paq Premium Internacional;S0411;África;S0411_África;01500;1;86.15;86.15
171;Paq Premium Internacional;S0411;África;S0411_África;02000;2;86.15;86.15
172;Paq Premium Internacional;S0411;África;S0411_África;03000;3;98.1;98.1
173;Paq Premium Internacional;S0411;África;S0411_África;04000;4;110.05;110.05
174;Paq Premium Internacional;S0411;África;S0411_África;05000;5;122;122
175;Paq Premium Internacional;S0411;África;S0411_África;06000;6;133.95;133.95
176;Paq Premium Internacional;S0411;África;S0411_África;07000;7;145.9;145.9
177;Paq Premium Internacional;S0411;África;S0411_África;08000;8;157.85;157.85
178;Paq Premium Internacional;S0411;África;S0411_África;09000;9;169.8;169.8
179;Paq Premium Internacional;S0411;África;S0411_África;10000;10;181.75;181.75
180;Paq Premium Internacional;S0411;África;S0411_África;11000;11;193.7;193.7
181;Paq Premium Internacional;S0411;África;S0411_África;12000;12;205.65;205.65
182;Paq Premium Internacional;S0411;África;S0411_África;13000;13;217.6;217.6
183;Paq Premium Internacional;S0411;África;S0411_África;14000;14;229.55;229.55
184;Paq Premium Internacional;S0411;África;S0411_África;15000;15;241.5;241.5
185;Paq Premium Internacional;S0411;África;S0411_África;16000;16;253.45;253.45
186;Paq Premium Internacional;S0411;África;S0411_África;17000;17;265.4;265.4
187;Paq Premium Internacional;S0411;África;S0411_África;18000;18;277.35;277.35
188;Paq Premium Internacional;S0411;África;S0411_África;19000;19;289.3;289.3
189;Paq Premium Internacional;S0411;África;S0411_África;20000;20;301.25;301.25
190;Paq Premium Internacional;S0411;África;S0411_África;21000;21;313.2;313.2
191;Paq Premium Internacional;S0411;África;S0411_África;22000;22;325.15;325.15
192;Paq Premium Internacional;S0411;África;S0411_África;23000;23;337.1;337.1
193;Paq Premium Internacional;S0411;África;S0411_África;24000;24;349.05;349.05
194;Paq Premium Internacional;S0411;África;S0411_África;25000;25;361;361
195;Paq Premium Internacional;S0411;África;S0411_África;26000;26;372.95;372.95
196;Paq Premium Internacional;S0411;África;S0411_África;27000;27;384.9;384.9
197;Paq Premium Internacional;S0411;África;S0411_África;28000;28;396.85;396.85
198;Paq Premium Internacional;S0411;África;S0411_África;29000;29;408.8;408.8
199;Paq Premium Internacional;S0411;África;S0411_África;30000;30;420.75;420.75
200;Paq Premium Internacional;S0411;África;S0411_África;Por kg adicional;0;11.95;11.95
201;Paq Standard Internacional;S0410;Europa 1;S0410_Europa 1;00250;1;26.53;26.53
202;Paq Standard Internacional;S0410;Europa 1;S0410_Europa 1;00500;1;26.53;26.53
203;Paq Standard Internacional;S0410;Europa 1;S0410_Europa 1;01000;1;26.53;26.53
204;Paq Standard Internacional;S0410;Europa 1;S0410_Europa 1;01500;1;29.3;29.3
205;Paq Standard Internacional;S0410;Europa 1;S0410_Europa 1;02000;2;29.3;29.3
206;Paq Standard Internacional;S0410;Europa 1;S0410_Europa 1;03000;3;32.07;32.07
207;Paq Standard Internacional;S0410;Europa 1;S0410_Europa 1;04000;4;34.84;34.84
208;Paq Standard Internacional;S0410;Europa 1;S0410_Europa 1;05000;5;37.61;37.61
209;Paq Standard Internacional;S0410;Europa 1;S0410_Europa 1;06000;6;40.38;40.38
210;Paq Standard Internacional;S0410;Europa 1;S0410_Europa 1;07000;7;43.15;43.15
211;Paq Standard Internacional;S0410;Europa 1;S0410_Europa 1;08000;8;45.92;45.92
212;Paq Standard Internacional;S0410;Europa 1;S0410_Europa 1;09000;9;48.69;48.69
213;Paq Standard Internacional;S0410;Europa 1;S0410_Europa 1;10000;10;51.46;51.46
214;Paq Standard Internacional;S0410;Europa 1;S0410_Europa 1;11000;11;54.23;54.23
215;Paq Standard Internacional;S0410;Europa 1;S0410_Europa 1;12000;12;57;57
216;Paq Standard Internacional;S0410;Europa 1;S0410_Europa 1;13000;13;59.77;59.77
217;Paq Standard Internacional;S0410;Europa 1;S0410_Europa 1;14000;14;62.54;62.54
218;Paq Standard Internacional;S0410;Europa 1;S0410_Europa 1;15000;15;65.31;65.31
219;Paq Standard Internacional;S0410;Europa 1;S0410_Europa 1;16000;16;68.08;68.08
220;Paq Standard Internacional;S0410;Europa 1;S0410_Europa 1;17000;17;70.85;70.85
221;Paq Standard Internacional;S0410;Europa 1;S0410_Europa 1;18000;18;73.62;73.62
222;Paq Standard Internacional;S0410;Europa 1;S0410_Europa 1;19000;19;76.39;76.39
223;Paq Standard Internacional;S0410;Europa 1;S0410_Europa 1;20000;20;79.16;79.16
224;Paq Standard Internacional;S0410;Europa 1;S0410_Europa 1;21000;21;81.93;81.93
225;Paq Standard Internacional;S0410;Europa 1;S0410_Europa 1;22000;22;84.7;84.7
226;Paq Standard Internacional;S0410;Europa 1;S0410_Europa 1;23000;23;87.47;87.47
227;Paq Standard Internacional;S0410;Europa 1;S0410_Europa 1;24000;24;90.24;90.24
228;Paq Standard Internacional;S0410;Europa 1;S0410_Europa 1;25000;25;93.01;93.01
229;Paq Standard Internacional;S0410;Europa 1;S0410_Europa 1;26000;26;95.78;95.78
230;Paq Standard Internacional;S0410;Europa 1;S0410_Europa 1;27000;27;98.55;98.55
231;Paq Standard Internacional;S0410;Europa 1;S0410_Europa 1;28000;28;101.32;101.32
232;Paq Standard Internacional;S0410;Europa 1;S0410_Europa 1;29000;29;104.09;104.09
233;Paq Standard Internacional;S0410;Europa 1;S0410_Europa 1;30000;30;106.86;106.86
234;Paq Standard Internacional;S0410;Europa 1;S0410_Europa 1;Por kg adicional;0;2.77;2.77
235;Paq Standard Internacional;S0410;Europa 2;S0410_Europa 2;00250;1;27.89;27.89
236;Paq Standard Internacional;S0410;Europa 2;S0410_Europa 2;00500;1;27.89;27.89
237;Paq Standard Internacional;S0410;Europa 2;S0410_Europa 2;01000;1;27.89;27.89
238;Paq Standard Internacional;S0410;Europa 2;S0410_Europa 2;01500;1;31.53;31.53
239;Paq Standard Internacional;S0410;Europa 2;S0410_Europa 2;02000;2;31.53;31.53
240;Paq Standard Internacional;S0410;Europa 2;S0410_Europa 2;03000;3;35.17;35.17
241;Paq Standard Internacional;S0410;Europa 2;S0410_Europa 2;04000;4;38.81;38.81
242;Paq Standard Internacional;S0410;Europa 2;S0410_Europa 2;05000;5;42.45;42.45
243;Paq Standard Internacional;S0410;Europa 2;S0410_Europa 2;06000;6;46.09;46.09
244;Paq Standard Internacional;S0410;Europa 2;S0410_Europa 2;07000;7;49.73;49.73
245;Paq Standard Internacional;S0410;Europa 2;S0410_Europa 2;08000;8;53.37;53.37
246;Paq Standard Internacional;S0410;Europa 2;S0410_Europa 2;09000;9;57.01;57.01
247;Paq Standard Internacional;S0410;Europa 2;S0410_Europa 2;10000;10;60.65;60.65
248;Paq Standard Internacional;S0410;Europa 2;S0410_Europa 2;11000;11;64.29;64.29
249;Paq Standard Internacional;S0410;Europa 2;S0410_Europa 2;12000;12;67.93;67.93
250;Paq Standard Internacional;S0410;Europa 2;S0410_Europa 2;13000;13;71.57;71.57
251;Paq Standard Internacional;S0410;Europa 2;S0410_Europa 2;14000;14;75.21;75.21
252;Paq Standard Internacional;S0410;Europa 2;S0410_Europa 2;15000;15;78.85;78.85
253;Paq Standard Internacional;S0410;Europa 2;S0410_Europa 2;16000;16;82.49;82.49
254;Paq Standard Internacional;S0410;Europa 2;S0410_Europa 2;17000;17;86.13;86.13
255;Paq Standard Internacional;S0410;Europa 2;S0410_Europa 2;18000;18;89.77;89.77
256;Paq Standard Internacional;S0410;Europa 2;S0410_Europa 2;19000;19;93.41;93.41
257;Paq Standard Internacional;S0410;Europa 2;S0410_Europa 2;20000;20;97.05;97.05
258;Paq Standard Internacional;S0410;Europa 2;S0410_Europa 2;21000;21;100.69;100.69
259;Paq Standard Internacional;S0410;Europa 2;S0410_Europa 2;22000;22;104.33;104.33
260;Paq Standard Internacional;S0410;Europa 2;S0410_Europa 2;23000;23;107.97;107.97
261;Paq Standard Internacional;S0410;Europa 2;S0410_Europa 2;24000;24;111.61;111.61
262;Paq Standard Internacional;S0410;Europa 2;S0410_Europa 2;25000;25;115.25;115.25
263;Paq Standard Internacional;S0410;Europa 2;S0410_Europa 2;26000;26;118.89;118.89
264;Paq Standard Internacional;S0410;Europa 2;S0410_Europa 2;27000;27;122.53;122.53
265;Paq Standard Internacional;S0410;Europa 2;S0410_Europa 2;28000;28;126.17;126.17
266;Paq Standard Internacional;S0410;Europa 2;S0410_Europa 2;29000;29;129.81;129.81
267;Paq Standard Internacional;S0410;Europa 2;S0410_Europa 2;30000;30;133.45;133.45
268;Paq Standard Internacional;S0410;Europa 2;S0410_Europa 2;Por kg adicional;0;3.64;3.64
269;Paq Standard Internacional;S0410;Europa 3;S0410_Europa 3;00250;1;27.77;27.77
270;Paq Standard Internacional;S0410;Europa 3;S0410_Europa 3;00500;1;27.77;27.77
271;Paq Standard Internacional;S0410;Europa 3;S0410_Europa 3;01000;1;27.77;27.77
272;Paq Standard Internacional;S0410;Europa 3;S0410_Europa 3;01500;1;37.89;37.89
273;Paq Standard Internacional;S0410;Europa 3;S0410_Europa 3;02000;2;37.89;37.89
274;Paq Standard Internacional;S0410;Europa 3;S0410_Europa 3;03000;3;48.01;48.01
275;Paq Standard Internacional;S0410;Europa 3;S0410_Europa 3;04000;4;58.13;58.13
276;Paq Standard Internacional;S0410;Europa 3;S0410_Europa 3;05000;5;68.25;68.25
277;Paq Standard Internacional;S0410;Europa 3;S0410_Europa 3;06000;6;78.37;78.37
278;Paq Standard Internacional;S0410;Europa 3;S0410_Europa 3;07000;7;88.49;88.49
279;Paq Standard Internacional;S0410;Europa 3;S0410_Europa 3;08000;8;98.61;98.61
280;Paq Standard Internacional;S0410;Europa 3;S0410_Europa 3;09000;9;108.73;108.73
281;Paq Standard Internacional;S0410;Europa 3;S0410_Europa 3;10000;10;118.85;118.85
282;Paq Standard Internacional;S0410;Europa 3;S0410_Europa 3;11000;11;128.97;128.97
283;Paq Standard Internacional;S0410;Europa 3;S0410_Europa 3;12000;12;139.09;139.09
284;Paq Standard Internacional;S0410;Europa 3;S0410_Europa 3;13000;13;149.21;149.21
285;Paq Standard Internacional;S0410;Europa 3;S0410_Europa 3;14000;14;159.33;159.33
286;Paq Standard Internacional;S0410;Europa 3;S0410_Europa 3;15000;15;169.45;169.45
287;Paq Standard Internacional;S0410;Europa 3;S0410_Europa 3;16000;16;179.57;179.57
288;Paq Standard Internacional;S0410;Europa 3;S0410_Europa 3;17000;17;189.69;189.69
289;Paq Standard Internacional;S0410;Europa 3;S0410_Europa 3;18000;18;199.81;199.81
290;Paq Standard Internacional;S0410;Europa 3;S0410_Europa 3;19000;19;209.93;209.93
291;Paq Standard Internacional;S0410;Europa 3;S0410_Europa 3;20000;20;220.05;220.05
292;Paq Standard Internacional;S0410;Europa 3;S0410_Europa 3;21000;21;230.17;230.17
293;Paq Standard Internacional;S0410;Europa 3;S0410_Europa 3;22000;22;240.29;240.29
294;Paq Standard Internacional;S0410;Europa 3;S0410_Europa 3;23000;23;250.41;250.41
295;Paq Standard Internacional;S0410;Europa 3;S0410_Europa 3;24000;24;260.53;260.53
296;Paq Standard Internacional;S0410;Europa 3;S0410_Europa 3;25000;25;270.65;270.65
297;Paq Standard Internacional;S0410;Europa 3;S0410_Europa 3;26000;26;280.77;280.77
298;Paq Standard Internacional;S0410;Europa 3;S0410_Europa 3;27000;27;290.89;290.89
299;Paq Standard Internacional;S0410;Europa 3;S0410_Europa 3;28000;28;301.01;301.01
300;Paq Standard Internacional;S0410;Europa 3;S0410_Europa 3;29000;29;311.13;311.13
301;Paq Standard Internacional;S0410;Europa 3;S0410_Europa 3;30000;30;321.25;321.25
302;Paq Standard Internacional;S0410;Europa 3;S0410_Europa 3;Por kg adicional;0;10.12;10.12
303;Paq Standard Internacional;S0410;América;S0410_América;00250;1;36.85;36.85
304;Paq Standard Internacional;S0410;América;S0410_América;00500;1;36.85;36.85
305;Paq Standard Internacional;S0410;América;S0410_América;01000;1;36.85;36.85
306;Paq Standard Internacional;S0410;América;S0410_América;01500;1;46.4;46.4
307;Paq Standard Internacional;S0410;América;S0410_América;02000;2;46.4;46.4
308;Paq Standard Internacional;S0410;América;S0410_América;03000;3;55.95;55.95
309;Paq Standard Internacional;S0410;América;S0410_América;04000;4;65.5;65.5
310;Paq Standard Internacional;S0410;América;S0410_América;05000;5;75.05;75.05
311;Paq Standard Internacional;S0410;América;S0410_América;06000;6;84.6;84.6
312;Paq Standard Internacional;S0410;América;S0410_América;07000;7;94.15;94.15
313;Paq Standard Internacional;S0410;América;S0410_América;08000;8;103.7;103.7
314;Paq Standard Internacional;S0410;América;S0410_América;09000;9;113.25;113.25
315;Paq Standard Internacional;S0410;América;S0410_América;10000;10;122.8;122.8
316;Paq Standard Internacional;S0410;América;S0410_América;11000;11;132.35;132.35
317;Paq Standard Internacional;S0410;América;S0410_América;12000;12;141.9;141.9
318;Paq Standard Internacional;S0410;América;S0410_América;13000;13;151.45;151.45
319;Paq Standard Internacional;S0410;América;S0410_América;14000;14;161;161
320;Paq Standard Internacional;S0410;América;S0410_América;15000;15;170.55;170.55
321;Paq Standard Internacional;S0410;América;S0410_América;16000;16;180.1;180.1
322;Paq Standard Internacional;S0410;América;S0410_América;17000;17;189.65;189.65
323;Paq Standard Internacional;S0410;América;S0410_América;18000;18;199.2;199.2
324;Paq Standard Internacional;S0410;América;S0410_América;19000;19;208.75;208.75
325;Paq Standard Internacional;S0410;América;S0410_América;20000;20;218.3;218.3
326;Paq Standard Internacional;S0410;América;S0410_América;21000;21;227.85;227.85
327;Paq Standard Internacional;S0410;América;S0410_América;22000;22;237.4;237.4
328;Paq Standard Internacional;S0410;América;S0410_América;23000;23;246.95;246.95
329;Paq Standard Internacional;S0410;América;S0410_América;24000;24;256.5;256.5
330;Paq Standard Internacional;S0410;América;S0410_América;25000;25;266.05;266.05
331;Paq Standard Internacional;S0410;América;S0410_América;26000;26;275.6;275.6
332;Paq Standard Internacional;S0410;América;S0410_América;27000;27;285.15;285.15
333;Paq Standard Internacional;S0410;América;S0410_América;28000;28;294.7;294.7
334;Paq Standard Internacional;S0410;América;S0410_América;29000;29;304.25;304.25
335;Paq Standard Internacional;S0410;América;S0410_América;30000;30;313.8;313.8
336;Paq Standard Internacional;S0410;América;S0410_América;Por kg adicional;0;9.55;9.55
337;Paq Standard Internacional;S0410;Asia Oceanía;S0410_Asia Oceanía;00250;1;43.6;43.6
338;Paq Standard Internacional;S0410;Asia Oceanía;S0410_Asia Oceanía;00500;1;43.6;43.6
339;Paq Standard Internacional;S0410;Asia Oceanía;S0410_Asia Oceanía;01000;1;43.6;43.6
340;Paq Standard Internacional;S0410;Asia Oceanía;S0410_Asia Oceanía;01500;1;54.05;54.05
341;Paq Standard Internacional;S0410;Asia Oceanía;S0410_Asia Oceanía;02000;2;54.05;54.05
342;Paq Standard Internacional;S0410;Asia Oceanía;S0410_Asia Oceanía;03000;3;64.5;64.5
343;Paq Standard Internacional;S0410;Asia Oceanía;S0410_Asia Oceanía;04000;4;74.95;74.95
344;Paq Standard Internacional;S0410;Asia Oceanía;S0410_Asia Oceanía;05000;5;85.4;85.4
345;Paq Standard Internacional;S0410;Asia Oceanía;S0410_Asia Oceanía;06000;6;95.85;95.85
346;Paq Standard Internacional;S0410;Asia Oceanía;S0410_Asia Oceanía;07000;7;106.3;106.3
347;Paq Standard Internacional;S0410;Asia Oceanía;S0410_Asia Oceanía;08000;8;116.75;116.75
348;Paq Standard Internacional;S0410;Asia Oceanía;S0410_Asia Oceanía;09000;9;127.2;127.2
349;Paq Standard Internacional;S0410;Asia Oceanía;S0410_Asia Oceanía;10000;10;137.65;137.65
350;Paq Standard Internacional;S0410;Asia Oceanía;S0410_Asia Oceanía;11000;11;148.1;148.1
351;Paq Standard Internacional;S0410;Asia Oceanía;S0410_Asia Oceanía;12000;12;158.55;158.55
352;Paq Standard Internacional;S0410;Asia Oceanía;S0410_Asia Oceanía;13000;13;169;169
353;Paq Standard Internacional;S0410;Asia Oceanía;S0410_Asia Oceanía;14000;14;179.45;179.45
354;Paq Standard Internacional;S0410;Asia Oceanía;S0410_Asia Oceanía;15000;15;189.9;189.9
355;Paq Standard Internacional;S0410;Asia Oceanía;S0410_Asia Oceanía;16000;16;200.35;200.35
356;Paq Standard Internacional;S0410;Asia Oceanía;S0410_Asia Oceanía;17000;17;210.8;210.8
357;Paq Standard Internacional;S0410;Asia Oceanía;S0410_Asia Oceanía;18000;18;221.25;221.25
358;Paq Standard Internacional;S0410;Asia Oceanía;S0410_Asia Oceanía;19000;19;231.7;231.7
359;Paq Standard Internacional;S0410;Asia Oceanía;S0410_Asia Oceanía;20000;20;242.15;242.15
360;Paq Standard Internacional;S0410;Asia Oceanía;S0410_Asia Oceanía;21000;21;252.6;252.6
361;Paq Standard Internacional;S0410;Asia Oceanía;S0410_Asia Oceanía;22000;22;263.05;263.05
362;Paq Standard Internacional;S0410;Asia Oceanía;S0410_Asia Oceanía;23000;23;273.5;273.5
363;Paq Standard Internacional;S0410;Asia Oceanía;S0410_Asia Oceanía;24000;24;283.95;283.95
364;Paq Standard Internacional;S0410;Asia Oceanía;S0410_Asia Oceanía;25000;25;294.4;294.4
365;Paq Standard Internacional;S0410;Asia Oceanía;S0410_Asia Oceanía;26000;26;304.85;304.85
366;Paq Standard Internacional;S0410;Asia Oceanía;S0410_Asia Oceanía;27000;27;315.3;315.3
367;Paq Standard Internacional;S0410;Asia Oceanía;S0410_Asia Oceanía;28000;28;325.75;325.75
368;Paq Standard Internacional;S0410;Asia Oceanía;S0410_Asia Oceanía;29000;29;336.2;336.2
369;Paq Standard Internacional;S0410;Asia Oceanía;S0410_Asia Oceanía;30000;30;346.65;346.65
370;Paq Standard Internacional;S0410;Asia Oceanía;S0410_Asia Oceanía;Por kg adicional;0;10.45;10.45
371;Paq Standard Internacional;S0410;Asia Oceanía 2;S0410_Asia Oceanía 2;00250;1;43.6;43.6
372;Paq Standard Internacional;S0410;Asia Oceanía 2;S0410_Asia Oceanía 2;00500;1;43.6;43.6
373;Paq Standard Internacional;S0410;Asia Oceanía 2;S0410_Asia Oceanía 2;01000;1;43.6;43.6
374;Paq Standard Internacional;S0410;Asia Oceanía 2;S0410_Asia Oceanía 2;01500;1;59.05;59.05
375;Paq Standard Internacional;S0410;Asia Oceanía 2;S0410_Asia Oceanía 2;02000;2;59.05;59.05
376;Paq Standard Internacional;S0410;Asia Oceanía 2;S0410_Asia Oceanía 2;03000;3;74.5;74.5
377;Paq Standard Internacional;S0410;Asia Oceanía 2;S0410_Asia Oceanía 2;04000;4;89.95;89.95
378;Paq Standard Internacional;S0410;Asia Oceanía 2;S0410_Asia Oceanía 2;05000;5;105.4;105.4
379;Paq Standard Internacional;S0410;Asia Oceanía 2;S0410_Asia Oceanía 2;06000;6;120.85;120.85
380;Paq Standard Internacional;S0410;Asia Oceanía 2;S0410_Asia Oceanía 2;07000;7;136.3;136.3
381;Paq Standard Internacional;S0410;Asia Oceanía 2;S0410_Asia Oceanía 2;08000;8;151.75;151.75
382;Paq Standard Internacional;S0410;Asia Oceanía 2;S0410_Asia Oceanía 2;09000;9;167.2;167.2
383;Paq Standard Internacional;S0410;Asia Oceanía 2;S0410_Asia Oceanía 2;10000;10;182.65;182.65
384;Paq Standard Internacional;S0410;Asia Oceanía 2;S0410_Asia Oceanía 2;11000;11;198.1;198.1
385;Paq Standard Internacional;S0410;Asia Oceanía 2;S0410_Asia Oceanía 2;12000;12;213.55;213.55
386;Paq Standard Internacional;S0410;Asia Oceanía 2;S0410_Asia Oceanía 2;13000;13;229;229
387;Paq Standard Internacional;S0410;Asia Oceanía 2;S0410_Asia Oceanía 2;14000;14;244.45;244.45
388;Paq Standard Internacional;S0410;Asia Oceanía 2;S0410_Asia Oceanía 2;15000;15;259.9;259.9
389;Paq Standard Internacional;S0410;Asia Oceanía 2;S0410_Asia Oceanía 2;16000;16;275.35;275.35
390;Paq Standard Internacional;S0410;Asia Oceanía 2;S0410_Asia Oceanía 2;17000;17;290.8;290.8
391;Paq Standard Internacional;S0410;Asia Oceanía 2;S0410_Asia Oceanía 2;18000;18;306.25;306.25
392;Paq Standard Internacional;S0410;Asia Oceanía 2;S0410_Asia Oceanía 2;19000;19;321.7;321.7
393;Paq Standard Internacional;S0410;Asia Oceanía 2;S0410_Asia Oceanía 2;20000;20;337.15;337.15
394;Paq Standard Internacional;S0410;Asia Oceanía 2;S0410_Asia Oceanía 2;21000;21;352.6;352.6
395;Paq Standard Internacional;S0410;Asia Oceanía 2;S0410_Asia Oceanía 2;22000;22;368.05;368.05
396;Paq Standard Internacional;S0410;Asia Oceanía 2;S0410_Asia Oceanía 2;23000;23;383.5;383.5
397;Paq Standard Internacional;S0410;Asia Oceanía 2;S0410_Asia Oceanía 2;24000;24;398.95;398.95
398;Paq Standard Internacional;S0410;Asia Oceanía 2;S0410_Asia Oceanía 2;25000;25;414.4;414.4
399;Paq Standard Internacional;S0410;Asia Oceanía 2;S0410_Asia Oceanía 2;26000;26;429.85;429.85
400;Paq Standard Internacional;S0410;Asia Oceanía 2;S0410_Asia Oceanía 2;27000;27;445.3;445.3
401;Paq Standard Internacional;S0410;Asia Oceanía 2;S0410_Asia Oceanía 2;28000;28;460.75;460.75
402;Paq Standard Internacional;S0410;Asia Oceanía 2;S0410_Asia Oceanía 2;29000;29;476.2;476.2
403;Paq Standard Internacional;S0410;Asia Oceanía 2;S0410_Asia Oceanía 2;30000;30;491.65;491.65
404;Paq Standard Internacional;S0410;Asia Oceanía 2;S0410_Asia Oceanía 2;Por kg adicional;0;15.45;15.45
405;Paq Standard Internacional;S0410;África;S0410_África;00250;1;47.65;47.65
406;Paq Standard Internacional;S0410;África;S0410_África;00500;1;47.65;47.65
407;Paq Standard Internacional;S0410;África;S0410_África;01000;1;47.65;47.65
408;Paq Standard Internacional;S0410;África;S0410_África;01500;1;54.65;54.65
409;Paq Standard Internacional;S0410;África;S0410_África;02000;2;54.65;54.65
410;Paq Standard Internacional;S0410;África;S0410_África;03000;3;61.65;61.65
411;Paq Standard Internacional;S0410;África;S0410_África;04000;4;68.65;68.65
412;Paq Standard Internacional;S0410;África;S0410_África;05000;5;75.65;75.65
413;Paq Standard Internacional;S0410;África;S0410_África;06000;6;82.65;82.65
414;Paq Standard Internacional;S0410;África;S0410_África;07000;7;89.65;89.65
415;Paq Standard Internacional;S0410;África;S0410_África;08000;8;96.65;96.65
416;Paq Standard Internacional;S0410;África;S0410_África;09000;9;103.65;103.65
417;Paq Standard Internacional;S0410;África;S0410_África;10000;10;110.65;110.65
418;Paq Standard Internacional;S0410;África;S0410_África;11000;11;117.65;117.65
419;Paq Standard Internacional;S0410;África;S0410_África;12000;12;124.65;124.65
420;Paq Standard Internacional;S0410;África;S0410_África;13000;13;131.65;131.65
421;Paq Standard Internacional;S0410;África;S0410_África;14000;14;138.65;138.65
422;Paq Standard Internacional;S0410;África;S0410_África;15000;15;145.65;145.65
423;Paq Standard Internacional;S0410;África;S0410_África;16000;16;152.65;152.65
424;Paq Standard Internacional;S0410;África;S0410_África;17000;17;159.65;159.65
425;Paq Standard Internacional;S0410;África;S0410_África;18000;18;166.65;166.65
426;Paq Standard Internacional;S0410;África;S0410_África;19000;19;173.65;173.65
427;Paq Standard Internacional;S0410;África;S0410_África;20000;20;180.65;180.65
428;Paq Standard Internacional;S0410;África;S0410_África;21000;21;187.65;187.65
429;Paq Standard Internacional;S0410;África;S0410_África;22000;22;194.65;194.65
430;Paq Standard Internacional;S0410;África;S0410_África;23000;23;201.65;201.65
431;Paq Standard Internacional;S0410;África;S0410_África;24000;24;208.65;208.65
432;Paq Standard Internacional;S0410;África;S0410_África;25000;25;215.65;215.65
433;Paq Standard Internacional;S0410;África;S0410_África;26000;26;222.65;222.65
434;Paq Standard Internacional;S0410;África;S0410_África;27000;27;229.65;229.65
435;Paq Standard Internacional;S0410;África;S0410_África;28000;28;236.65;236.65
436;Paq Standard Internacional;S0410;África;S0410_África;29000;29;243.65;243.65
437;Paq Standard Internacional;S0410;África;S0410_África;30000;30;250.65;250.65
438;Paq Standard Internacional;S0410;África;S0410_África;Por kg adicional;0;7;7
439;Paquete Internacional económico;S0031;Europa 1;S0031_Europa 1;Por envío;0;28.5;28.5
440;Paquete Internacional económico;S0031;Europa 1;S0031_Europa 1;Por kg o fracción;0;3.55;3.55
441;Paquete Internacional económico;S0031;Europa 1;S0031_Europa 1;01000;1;32.05;32.05
442;Paquete Internacional económico;S0031;Europa 1;S0031_Europa 1;02000;2;60.55;60.55
443;Paquete Internacional económico;S0031;Europa 1;S0031_Europa 1;03000;3;89.05;89.05
444;Paquete Internacional económico;S0031;Europa 1;S0031_Europa 1;04000;4;117.55;117.55
445;Paquete Internacional económico;S0031;Europa 1;S0031_Europa 1;05000;5;146.05;146.05
446;Paquete Internacional económico;S0031;Europa 1;S0031_Europa 1;06000;6;174.55;174.55
447;Paquete Internacional económico;S0031;Europa 1;S0031_Europa 1;07000;7;203.05;203.05
448;Paquete Internacional económico;S0031;Europa 1;S0031_Europa 1;08000;8;231.55;231.55
449;Paquete Internacional económico;S0031;Europa 1;S0031_Europa 1;09000;9;260.05;260.05
450;Paquete Internacional económico;S0031;Europa 1;S0031_Europa 1;10000;10;288.55;288.55
451;Paquete Internacional económico;S0031;Europa 1;S0031_Europa 1;11000;11;317.05;317.05
452;Paquete Internacional económico;S0031;Europa 1;S0031_Europa 1;12000;12;345.55;345.55
453;Paquete Internacional económico;S0031;Europa 1;S0031_Europa 1;13000;13;374.05;374.05
454;Paquete Internacional económico;S0031;Europa 1;S0031_Europa 1;14000;14;402.55;402.55
455;Paquete Internacional económico;S0031;Europa 1;S0031_Europa 1;15000;15;431.05;431.05
456;Paquete Internacional económico;S0031;Europa 1;S0031_Europa 1;16000;16;459.55;459.55
457;Paquete Internacional económico;S0031;Europa 1;S0031_Europa 1;17000;17;488.05;488.05
458;Paquete Internacional económico;S0031;Europa 1;S0031_Europa 1;18000;18;516.55;516.55
459;Paquete Internacional económico;S0031;Europa 1;S0031_Europa 1;19000;19;545.05;545.05
460;Paquete Internacional económico;S0031;Europa 1;S0031_Europa 1;20000;20;573.55;573.55
461;Paquete Internacional económico;S0031;Europa 1;S0031_Europa 1;21000;21;602.05;602.05
462;Paquete Internacional económico;S0031;Europa 1;S0031_Europa 1;22000;22;630.55;630.55
463;Paquete Internacional económico;S0031;Europa 1;S0031_Europa 1;23000;23;659.05;659.05
464;Paquete Internacional económico;S0031;Europa 1;S0031_Europa 1;24000;24;687.55;687.55
465;Paquete Internacional económico;S0031;Europa 1;S0031_Europa 1;25000;25;716.05;716.05
466;Paquete Internacional económico;S0031;Europa 1;S0031_Europa 1;26000;26;744.55;744.55
467;Paquete Internacional económico;S0031;Europa 1;S0031_Europa 1;27000;27;773.05;773.05
468;Paquete Internacional económico;S0031;Europa 1;S0031_Europa 1;28000;28;801.55;801.55
469;Paquete Internacional económico;S0031;Europa 1;S0031_Europa 1;29000;29;830.05;830.05
470;Paquete Internacional económico;S0031;Europa 1;S0031_Europa 1;30000;30;858.55;858.55
471;Paquete Internacional económico;S0031;Europa 2;S0031_Europa 2;Por envío;0;25.5;25.5
472;Paquete Internacional económico;S0031;Europa 2;S0031_Europa 2;Por kg o fracción;0;3.75;3.75
473;Paquete Internacional económico;S0031;Europa 2;S0031_Europa 2;01000;1;29.25;29.25
474;Paquete Internacional económico;S0031;Europa 2;S0031_Europa 2;02000;2;54.75;54.75
475;Paquete Internacional económico;S0031;Europa 2;S0031_Europa 2;03000;3;80.25;80.25
476;Paquete Internacional económico;S0031;Europa 2;S0031_Europa 2;04000;4;105.75;105.75
477;Paquete Internacional económico;S0031;Europa 2;S0031_Europa 2;05000;5;131.25;131.25
478;Paquete Internacional económico;S0031;Europa 2;S0031_Europa 2;06000;6;156.75;156.75
479;Paquete Internacional económico;S0031;Europa 2;S0031_Europa 2;07000;7;182.25;182.25
480;Paquete Internacional económico;S0031;Europa 2;S0031_Europa 2;08000;8;207.75;207.75
481;Paquete Internacional económico;S0031;Europa 2;S0031_Europa 2;09000;9;233.25;233.25
482;Paquete Internacional económico;S0031;Europa 2;S0031_Europa 2;10000;10;258.75;258.75
483;Paquete Internacional económico;S0031;Europa 2;S0031_Europa 2;11000;11;284.25;284.25
484;Paquete Internacional económico;S0031;Europa 2;S0031_Europa 2;12000;12;309.75;309.75
485;Paquete Internacional económico;S0031;Europa 2;S0031_Europa 2;13000;13;335.25;335.25
486;Paquete Internacional económico;S0031;Europa 2;S0031_Europa 2;14000;14;360.75;360.75
487;Paquete Internacional económico;S0031;Europa 2;S0031_Europa 2;15000;15;386.25;386.25
488;Paquete Internacional económico;S0031;Europa 2;S0031_Europa 2;16000;16;411.75;411.75
489;Paquete Internacional económico;S0031;Europa 2;S0031_Europa 2;17000;17;437.25;437.25
490;Paquete Internacional económico;S0031;Europa 2;S0031_Europa 2;18000;18;462.75;462.75
491;Paquete Internacional económico;S0031;Europa 2;S0031_Europa 2;19000;19;488.25;488.25
492;Paquete Internacional económico;S0031;Europa 2;S0031_Europa 2;20000;20;513.75;513.75
493;Paquete Internacional económico;S0031;Europa 2;S0031_Europa 2;21000;21;539.25;539.25
494;Paquete Internacional económico;S0031;Europa 2;S0031_Europa 2;22000;22;564.75;564.75
495;Paquete Internacional económico;S0031;Europa 2;S0031_Europa 2;23000;23;590.25;590.25
496;Paquete Internacional económico;S0031;Europa 2;S0031_Europa 2;24000;24;615.75;615.75
497;Paquete Internacional económico;S0031;Europa 2;S0031_Europa 2;25000;25;641.25;641.25
498;Paquete Internacional económico;S0031;Europa 2;S0031_Europa 2;26000;26;666.75;666.75
499;Paquete Internacional económico;S0031;Europa 2;S0031_Europa 2;27000;27;692.25;692.25
500;Paquete Internacional económico;S0031;Europa 2;S0031_Europa 2;28000;28;717.75;717.75
501;Paquete Internacional económico;S0031;Europa 2;S0031_Europa 2;29000;29;743.25;743.25
502;Paquete Internacional económico;S0031;Europa 2;S0031_Europa 2;30000;30;768.75;768.75
503;Paquete Internacional económico;S0031;Europa 3;S0031_Europa 3;Por envío;0;27.5;27.5
504;Paquete Internacional económico;S0031;Europa 3;S0031_Europa 3;Por kg o fracción;0;6.75;6.75
505;Paquete Internacional económico;S0031;Europa 3;S0031_Europa 3;01000;1;34.25;34.25
506;Paquete Internacional económico;S0031;Europa 3;S0031_Europa 3;02000;2;61.75;61.75
507;Paquete Internacional económico;S0031;Europa 3;S0031_Europa 3;03000;3;89.25;89.25
508;Paquete Internacional económico;S0031;Europa 3;S0031_Europa 3;04000;4;116.75;116.75
509;Paquete Internacional económico;S0031;Europa 3;S0031_Europa 3;05000;5;144.25;144.25
510;Paquete Internacional económico;S0031;Europa 3;S0031_Europa 3;06000;6;171.75;171.75
511;Paquete Internacional económico;S0031;Europa 3;S0031_Europa 3;07000;7;199.25;199.25
512;Paquete Internacional económico;S0031;Europa 3;S0031_Europa 3;08000;8;226.75;226.75
513;Paquete Internacional económico;S0031;Europa 3;S0031_Europa 3;09000;9;254.25;254.25
514;Paquete Internacional económico;S0031;Europa 3;S0031_Europa 3;10000;10;281.75;281.75
515;Paquete Internacional económico;S0031;Europa 3;S0031_Europa 3;11000;11;309.25;309.25
516;Paquete Internacional económico;S0031;Europa 3;S0031_Europa 3;12000;12;336.75;336.75
517;Paquete Internacional económico;S0031;Europa 3;S0031_Europa 3;13000;13;364.25;364.25
518;Paquete Internacional económico;S0031;Europa 3;S0031_Europa 3;14000;14;391.75;391.75
519;Paquete Internacional económico;S0031;Europa 3;S0031_Europa 3;15000;15;419.25;419.25
520;Paquete Internacional económico;S0031;Europa 3;S0031_Europa 3;16000;16;446.75;446.75
521;Paquete Internacional económico;S0031;Europa 3;S0031_Europa 3;17000;17;474.25;474.25
522;Paquete Internacional económico;S0031;Europa 3;S0031_Europa 3;18000;18;501.75;501.75
523;Paquete Internacional económico;S0031;Europa 3;S0031_Europa 3;19000;19;529.25;529.25
524;Paquete Internacional económico;S0031;Europa 3;S0031_Europa 3;20000;20;556.75;556.75
525;Paquete Internacional económico;S0031;Europa 3;S0031_Europa 3;21000;21;584.25;584.25
526;Paquete Internacional económico;S0031;Europa 3;S0031_Europa 3;22000;22;611.75;611.75
527;Paquete Internacional económico;S0031;Europa 3;S0031_Europa 3;23000;23;639.25;639.25
528;Paquete Internacional económico;S0031;Europa 3;S0031_Europa 3;24000;24;666.75;666.75
529;Paquete Internacional económico;S0031;Europa 3;S0031_Europa 3;25000;25;694.25;694.25
530;Paquete Internacional económico;S0031;Europa 3;S0031_Europa 3;26000;26;721.75;721.75
531;Paquete Internacional económico;S0031;Europa 3;S0031_Europa 3;27000;27;749.25;749.25
532;Paquete Internacional económico;S0031;Europa 3;S0031_Europa 3;28000;28;776.75;776.75
533;Paquete Internacional económico;S0031;Europa 3;S0031_Europa 3;29000;29;804.25;804.25
534;Paquete Internacional económico;S0031;Europa 3;S0031_Europa 3;30000;30;831.75;831.75
535;Paquete Internacional económico;S0031;América;S0031_América;Por envío;0;20.7;20.7
536;Paquete Internacional económico;S0031;América;S0031_América;Por kg o fracción;0;8;8
537;Paquete Internacional económico;S0031;América;S0031_América;01000;1;28.7;28.7
538;Paquete Internacional económico;S0031;América;S0031_América;02000;2;49.4;49.4
539;Paquete Internacional económico;S0031;América;S0031_América;03000;3;70.1;70.1
540;Paquete Internacional económico;S0031;América;S0031_América;04000;4;90.8;90.8
541;Paquete Internacional económico;S0031;América;S0031_América;05000;5;111.5;111.5
542;Paquete Internacional económico;S0031;América;S0031_América;06000;6;132.2;132.2
543;Paquete Internacional económico;S0031;América;S0031_América;07000;7;152.9;152.9
544;Paquete Internacional económico;S0031;América;S0031_América;08000;8;173.6;173.6
545;Paquete Internacional económico;S0031;América;S0031_América;09000;9;194.3;194.3
546;Paquete Internacional económico;S0031;América;S0031_América;10000;10;215;215
547;Paquete Internacional económico;S0031;América;S0031_América;11000;11;235.7;235.7
548;Paquete Internacional económico;S0031;América;S0031_América;12000;12;256.4;256.4
549;Paquete Internacional económico;S0031;América;S0031_América;13000;13;277.1;277.1
550;Paquete Internacional económico;S0031;América;S0031_América;14000;14;297.8;297.8
551;Paquete Internacional económico;S0031;América;S0031_América;15000;15;318.5;318.5
552;Paquete Internacional económico;S0031;América;S0031_América;16000;16;339.2;339.2
553;Paquete Internacional económico;S0031;América;S0031_América;17000;17;359.9;359.9
554;Paquete Internacional económico;S0031;América;S0031_América;18000;18;380.6;380.6
555;Paquete Internacional económico;S0031;América;S0031_América;19000;19;401.3;401.3
556;Paquete Internacional económico;S0031;América;S0031_América;20000;20;422;422
557;Paquete Internacional económico;S0031;América;S0031_América;21000;21;442.7;442.7
558;Paquete Internacional económico;S0031;América;S0031_América;22000;22;463.4;463.4
559;Paquete Internacional económico;S0031;América;S0031_América;23000;23;484.1;484.1
560;Paquete Internacional económico;S0031;América;S0031_América;24000;24;504.8;504.8
561;Paquete Internacional económico;S0031;América;S0031_América;25000;25;525.5;525.5
562;Paquete Internacional económico;S0031;América;S0031_América;26000;26;546.2;546.2
563;Paquete Internacional económico;S0031;América;S0031_América;27000;27;566.9;566.9
564;Paquete Internacional económico;S0031;América;S0031_América;28000;28;587.6;587.6
565;Paquete Internacional económico;S0031;América;S0031_América;29000;29;608.3;608.3
566;Paquete Internacional económico;S0031;América;S0031_América;30000;30;629;629
567;Paquete Internacional económico;S0031;América 2;S0031_América 2;Por envío;0;20.7;20.7
568;Paquete Internacional económico;S0031;América 2;S0031_América 2;Por kg o fracción;0;9.25;9.25
569;Paquete Internacional económico;S0031;América 2;S0031_América 2;01000;1;29.95;29.95
570;Paquete Internacional económico;S0031;América 2;S0031_América 2;02000;2;50.65;50.65
571;Paquete Internacional económico;S0031;América 2;S0031_América 2;03000;3;71.35;71.35
572;Paquete Internacional económico;S0031;América 2;S0031_América 2;04000;4;92.05;92.05
573;Paquete Internacional económico;S0031;América 2;S0031_América 2;05000;5;112.75;112.75
574;Paquete Internacional económico;S0031;América 2;S0031_América 2;06000;6;133.45;133.45
575;Paquete Internacional económico;S0031;América 2;S0031_América 2;07000;7;154.15;154.15
576;Paquete Internacional económico;S0031;América 2;S0031_América 2;08000;8;174.85;174.85
577;Paquete Internacional económico;S0031;América 2;S0031_América 2;09000;9;195.55;195.55
578;Paquete Internacional económico;S0031;América 2;S0031_América 2;10000;10;216.25;216.25
579;Paquete Internacional económico;S0031;América 2;S0031_América 2;11000;11;236.95;236.95
580;Paquete Internacional económico;S0031;América 2;S0031_América 2;12000;12;257.65;257.65
581;Paquete Internacional económico;S0031;América 2;S0031_América 2;13000;13;278.35;278.35
582;Paquete Internacional económico;S0031;América 2;S0031_América 2;14000;14;299.05;299.05
583;Paquete Internacional económico;S0031;América 2;S0031_América 2;15000;15;319.75;319.75
584;Paquete Internacional económico;S0031;América 2;S0031_América 2;16000;16;340.45;340.45
585;Paquete Internacional económico;S0031;América 2;S0031_América 2;17000;17;361.15;361.15
586;Paquete Internacional económico;S0031;América 2;S0031_América 2;18000;18;381.85;381.85
587;Paquete Internacional económico;S0031;América 2;S0031_América 2;19000;19;402.55;402.55
588;Paquete Internacional económico;S0031;América 2;S0031_América 2;20000;20;423.25;423.25
589;Paquete Internacional económico;S0031;América 2;S0031_América 2;21000;21;443.95;443.95
590;Paquete Internacional económico;S0031;América 2;S0031_América 2;22000;22;464.65;464.65
591;Paquete Internacional económico;S0031;América 2;S0031_América 2;23000;23;485.35;485.35
592;Paquete Internacional económico;S0031;América 2;S0031_América 2;24000;24;506.05;506.05
593;Paquete Internacional económico;S0031;América 2;S0031_América 2;25000;25;526.75;526.75
594;Paquete Internacional económico;S0031;América 2;S0031_América 2;26000;26;547.45;547.45
595;Paquete Internacional económico;S0031;América 2;S0031_América 2;27000;27;568.15;568.15
596;Paquete Internacional económico;S0031;América 2;S0031_América 2;28000;28;588.85;588.85
597;Paquete Internacional económico;S0031;América 2;S0031_América 2;29000;29;609.55;609.55
598;Paquete Internacional económico;S0031;América 2;S0031_América 2;30000;30;630.25;630.25
599;Paquete Internacional económico;S0031;Asia Oceanía;S0031_Asia Oceanía;Por envío;0;19.8;19.8
600;Paquete Internacional económico;S0031;Asia Oceanía;S0031_Asia Oceanía;Por kg o fracción;0;5.45;5.45
601;Paquete Internacional económico;S0031;Asia Oceanía;S0031_Asia Oceanía;01000;1;25.25;25.25
602;Paquete Internacional económico;S0031;Asia Oceanía;S0031_Asia Oceanía;02000;2;45.05;45.05
603;Paquete Internacional económico;S0031;Asia Oceanía;S0031_Asia Oceanía;03000;3;64.85;64.85
604;Paquete Internacional económico;S0031;Asia Oceanía;S0031_Asia Oceanía;04000;4;84.65;84.65
605;Paquete Internacional económico;S0031;Asia Oceanía;S0031_Asia Oceanía;05000;5;104.45;104.45
606;Paquete Internacional económico;S0031;Asia Oceanía;S0031_Asia Oceanía;06000;6;124.25;124.25
607;Paquete Internacional económico;S0031;Asia Oceanía;S0031_Asia Oceanía;07000;7;144.05;144.05
608;Paquete Internacional económico;S0031;Asia Oceanía;S0031_Asia Oceanía;08000;8;163.85;163.85
609;Paquete Internacional económico;S0031;Asia Oceanía;S0031_Asia Oceanía;09000;9;183.65;183.65
610;Paquete Internacional económico;S0031;Asia Oceanía;S0031_Asia Oceanía;10000;10;203.45;203.45
611;Paquete Internacional económico;S0031;Asia Oceanía;S0031_Asia Oceanía;11000;11;223.25;223.25
612;Paquete Internacional económico;S0031;Asia Oceanía;S0031_Asia Oceanía;12000;12;243.05;243.05
613;Paquete Internacional económico;S0031;Asia Oceanía;S0031_Asia Oceanía;13000;13;262.85;262.85
614;Paquete Internacional económico;S0031;Asia Oceanía;S0031_Asia Oceanía;14000;14;282.65;282.65
615;Paquete Internacional económico;S0031;Asia Oceanía;S0031_Asia Oceanía;15000;15;302.45;302.45
616;Paquete Internacional económico;S0031;Asia Oceanía;S0031_Asia Oceanía;16000;16;322.25;322.25
617;Paquete Internacional económico;S0031;Asia Oceanía;S0031_Asia Oceanía;17000;17;342.05;342.05
618;Paquete Internacional económico;S0031;Asia Oceanía;S0031_Asia Oceanía;18000;18;361.85;361.85
619;Paquete Internacional económico;S0031;Asia Oceanía;S0031_Asia Oceanía;19000;19;381.65;381.65
620;Paquete Internacional económico;S0031;Asia Oceanía;S0031_Asia Oceanía;20000;20;401.45;401.45
621;Paquete Internacional económico;S0031;Asia Oceanía;S0031_Asia Oceanía;21000;21;421.25;421.25
622;Paquete Internacional económico;S0031;Asia Oceanía;S0031_Asia Oceanía;22000;22;441.05;441.05
623;Paquete Internacional económico;S0031;Asia Oceanía;S0031_Asia Oceanía;23000;23;460.85;460.85
624;Paquete Internacional económico;S0031;Asia Oceanía;S0031_Asia Oceanía;24000;24;480.65;480.65
625;Paquete Internacional económico;S0031;Asia Oceanía;S0031_Asia Oceanía;25000;25;500.45;500.45
626;Paquete Internacional económico;S0031;Asia Oceanía;S0031_Asia Oceanía;26000;26;520.25;520.25
627;Paquete Internacional económico;S0031;Asia Oceanía;S0031_Asia Oceanía;27000;27;540.05;540.05
628;Paquete Internacional económico;S0031;Asia Oceanía;S0031_Asia Oceanía;28000;28;559.85;559.85
629;Paquete Internacional económico;S0031;Asia Oceanía;S0031_Asia Oceanía;29000;29;579.65;579.65
630;Paquete Internacional económico;S0031;Asia Oceanía;S0031_Asia Oceanía;30000;30;599.45;599.45
631;Paquete Internacional económico;S0031;Asia Oceanía 2;S0031_Asia Oceanía 2;Por envío;0;19.8;19.8
632;Paquete Internacional económico;S0031;Asia Oceanía 2;S0031_Asia Oceanía 2;Por kg o fracción;0;12;12
633;Paquete Internacional económico;S0031;Asia Oceanía 2;S0031_Asia Oceanía 2;01000;1;31.8;31.8
634;Paquete Internacional económico;S0031;Asia Oceanía 2;S0031_Asia Oceanía 2;02000;2;51.6;51.6
635;Paquete Internacional económico;S0031;Asia Oceanía 2;S0031_Asia Oceanía 2;03000;3;71.4;71.4
636;Paquete Internacional económico;S0031;Asia Oceanía 2;S0031_Asia Oceanía 2;04000;4;91.2;91.2
637;Paquete Internacional económico;S0031;Asia Oceanía 2;S0031_Asia Oceanía 2;05000;5;111;111
638;Paquete Internacional económico;S0031;Asia Oceanía 2;S0031_Asia Oceanía 2;06000;6;130.8;130.8
639;Paquete Internacional económico;S0031;Asia Oceanía 2;S0031_Asia Oceanía 2;07000;7;150.6;150.6
640;Paquete Internacional económico;S0031;Asia Oceanía 2;S0031_Asia Oceanía 2;08000;8;170.4;170.4
641;Paquete Internacional económico;S0031;Asia Oceanía 2;S0031_Asia Oceanía 2;09000;9;190.2;190.2
642;Paquete Internacional económico;S0031;Asia Oceanía 2;S0031_Asia Oceanía 2;10000;10;210;210
643;Paquete Internacional económico;S0031;Asia Oceanía 2;S0031_Asia Oceanía 2;11000;11;229.8;229.8
644;Paquete Internacional económico;S0031;Asia Oceanía 2;S0031_Asia Oceanía 2;12000;12;249.6;249.6
645;Paquete Internacional económico;S0031;Asia Oceanía 2;S0031_Asia Oceanía 2;13000;13;269.4;269.4
646;Paquete Internacional económico;S0031;Asia Oceanía 2;S0031_Asia Oceanía 2;14000;14;289.2;289.2
647;Paquete Internacional económico;S0031;Asia Oceanía 2;S0031_Asia Oceanía 2;15000;15;309;309
648;Paquete Internacional económico;S0031;Asia Oceanía 2;S0031_Asia Oceanía 2;16000;16;328.8;328.8
649;Paquete Internacional económico;S0031;Asia Oceanía 2;S0031_Asia Oceanía 2;17000;17;348.6;348.6
650;Paquete Internacional económico;S0031;Asia Oceanía 2;S0031_Asia Oceanía 2;18000;18;368.4;368.4
651;Paquete Internacional económico;S0031;Asia Oceanía 2;S0031_Asia Oceanía 2;19000;19;388.2;388.2
652;Paquete Internacional económico;S0031;Asia Oceanía 2;S0031_Asia Oceanía 2;20000;20;408;408
653;Paquete Internacional económico;S0031;Asia Oceanía 2;S0031_Asia Oceanía 2;21000;21;427.8;427.8
654;Paquete Internacional económico;S0031;Asia Oceanía 2;S0031_Asia Oceanía 2;22000;22;447.6;447.6
655;Paquete Internacional económico;S0031;Asia Oceanía 2;S0031_Asia Oceanía 2;23000;23;467.4;467.4
656;Paquete Internacional económico;S0031;Asia Oceanía 2;S0031_Asia Oceanía 2;24000;24;487.2;487.2
657;Paquete Internacional económico;S0031;Asia Oceanía 2;S0031_Asia Oceanía 2;25000;25;507;507
658;Paquete Internacional económico;S0031;Asia Oceanía 2;S0031_Asia Oceanía 2;26000;26;526.8;526.8
659;Paquete Internacional económico;S0031;Asia Oceanía 2;S0031_Asia Oceanía 2;27000;27;546.6;546.6
660;Paquete Internacional económico;S0031;Asia Oceanía 2;S0031_Asia Oceanía 2;28000;28;566.4;566.4
661;Paquete Internacional económico;S0031;Asia Oceanía 2;S0031_Asia Oceanía 2;29000;29;586.2;586.2
662;Paquete Internacional económico;S0031;Asia Oceanía 2;S0031_Asia Oceanía 2;30000;30;606;606
663;Paquete Internacional económico;S0031;África;S0031_África;Por envío;0;19.6;19.6
664;Paquete Internacional económico;S0031;África;S0031_África;Por kg o fracción;0;5.6;5.6
665;Paquete Internacional económico;S0031;África;S0031_África;01000;1;25.2;25.2
666;Paquete Internacional económico;S0031;África;S0031_África;02000;2;44.8;44.8
667;Paquete Internacional económico;S0031;África;S0031_África;03000;3;64.4;64.4
668;Paquete Internacional económico;S0031;África;S0031_África;04000;4;84;84
669;Paquete Internacional económico;S0031;África;S0031_África;05000;5;103.6;103.6
670;Paquete Internacional económico;S0031;África;S0031_África;06000;6;123.2;123.2
671;Paquete Internacional económico;S0031;África;S0031_África;07000;7;142.8;142.8
672;Paquete Internacional económico;S0031;África;S0031_África;08000;8;162.4;162.4
673;Paquete Internacional económico;S0031;África;S0031_África;09000;9;182;182
674;Paquete Internacional económico;S0031;África;S0031_África;10000;10;201.6;201.6
675;Paquete Internacional económico;S0031;África;S0031_África;11000;11;221.2;221.2
676;Paquete Internacional económico;S0031;África;S0031_África;12000;12;240.8;240.8
677;Paquete Internacional económico;S0031;África;S0031_África;13000;13;260.4;260.4
678;Paquete Internacional económico;S0031;África;S0031_África;14000;14;280;280
679;Paquete Internacional económico;S0031;África;S0031_África;15000;15;299.6;299.6
680;Paquete Internacional económico;S0031;África;S0031_África;16000;16;319.2;319.2
681;Paquete Internacional económico;S0031;África;S0031_África;17000;17;338.8;338.8
682;Paquete Internacional económico;S0031;África;S0031_África;18000;18;358.4;358.4
683;Paquete Internacional económico;S0031;África;S0031_África;19000;19;378;378
684;Paquete Internacional económico;S0031;África;S0031_África;20000;20;397.6;397.6
685;Paquete Internacional económico;S0031;África;S0031_África;21000;21;417.2;417.2
686;Paquete Internacional económico;S0031;África;S0031_África;22000;22;436.8;436.8
687;Paquete Internacional económico;S0031;África;S0031_África;23000;23;456.4;456.4
688;Paquete Internacional económico;S0031;África;S0031_África;24000;24;476;476
689;Paquete Internacional económico;S0031;África;S0031_África;25000;25;495.6;495.6
690;Paquete Internacional económico;S0031;África;S0031_África;26000;26;515.2;515.2
691;Paquete Internacional económico;S0031;África;S0031_África;27000;27;534.8;534.8
692;Paquete Internacional económico;S0031;África;S0031_África;28000;28;554.4;554.4
693;Paquete Internacional económico;S0031;África;S0031_África;29000;29;574;574
694;Paquete Internacional económico;S0031;África;S0031_África;30000;30;593.6;593.6
